color,strings,packages
brass,281,0.878125
brown,1186,3.70625
coffee,2483,7.759375
mahogany,891,2.784375
medium-brown,320,1.0
moss-green,150,0.46875
rosewood,165,0.515625
