color,strings,packages
brass,111,0.346875
brown,518,1.61875
coffee,1129,3.528125
mahogany,368,1.15
medium-brown,125,0.390625
moss-green,138,0.43125
rosewood,111,0.346875
